"variable","aror","asd","maxdd"
"Convertible Arbitrage",0.0770203710991655,0.0694461870173684,-0.292688394529575
"CTA Global",0.0767109922711062,0.0870559916457339,-0.11676813742079
"Distressed Securities",0.0975096216543971,0.0635590261337229,-0.229232535454022
"Emerging Markets",0.0936124939942315,0.133615370977481,-0.359789528051813